INSERT INTO equipment (equipment_id, used_by, count, new_or_used)
VALUES ('machanical keyboard', 'developer', 24, 'used');

INSERT INTO equipment (equipment_id, used_by, count, new_or_used)
VALUES ('pen tablet', 'developer', 15, 'used');

INSERT INTO equipment (equipment_id, used_by, count, new_or_used)
VALUES ('notebook', 'planner', 37, 'new');

INSERT INTO equipment (equipment_id, used_by, count, new_or_used)
VALUES ('ergonomic mouse', 'designer', 31, 'used');

INSERT INTO equipment (equipment_id, used_by, count, new_or_used)
VALUES ('dual monitor', 'developer', 20, 'used');

INSERT INTO equipment (equipment_id, used_by, count, new_or_used)
VALUES ('whiteboard', 'planner', 12, 'used');

INSERT INTO equipment (equipment_id, used_by, count, new_or_used)
VALUES ('sketchb', 'designer', 48, 'new');


INSERT INTO team (manager, office, extension_number, mascot, cleaning_duty, project)
VALUES ('Mandy Warren', '101A', '#5709', 'Panda','Monday','Hyperion');

INSERT INTO team (manager, office, extension_number, mascot, cleaning_duty, project)
VALUES ('Stewart Grant', '101B', '#4012', 'Tadpole','Tuesday','Zen');

INSERT INTO team (manager, office, extension_number, mascot, cleaning_duty, project)
VALUES ('Smantha Wheatly', '102A', '#3852', 'Falcon','Wednesday','Duranno');

INSERT INTO team (manager, office, extension_number, mascot, cleaning_duty, project)
VALUES ('Francis Buckley', '103B', '#1039', 'Beaver','Thursday','Genghis');

INSERT INTO team (manager, office, extension_number, mascot, cleaning_duty, project)
VALUES ('Blake Smith', '104A', '#7750', 'Wildcat','Friday','Acheron');


INSERT INTO people (team, last_name, first_name, sex, blood_type, serve_years, role, hometown)
VALUES (2, 'Alex', 'Davidson', 'male', 'O', 2, 'developer', 'California');

INSERT INTO people (team, last_name, first_name, sex, blood_type, serve_years, role, hometown)
VALUES (3, 'Lindsay', 'West', 'female', 'A', 3, 'designer', 'Arizona');

INSERT INTO people (team, last_name, first_name, sex, blood_type, serve_years, role, hometown)
VALUES (1, 'Nathan', 'Jenkins', 'male', 'B', 1, 'planner', 'Texas');

INSERT INTO people (team, last_name, first_name, sex, blood_type, serve_years, role, hometown)
VALUES (4, 'Christine', 'Harris', 'female', 'B', 2, 'developer', 'Ohio');

INSERT INTO people (team, last_name, first_name, sex, blood_type, serve_years, role, hometown)
VALUES (4, 'Christine', 'Harris', 'female', 'B', 2, 'developer', 'Ohio');

INSERT INTO people (team, last_name, first_name, sex, blood_type, serve_years, role, hometown)
VALUES (2,'Page','Adams','female','O',5,'developer','California');

INSERT INTO people (team, last_name, first_name, sex, blood_type, serve_years, role, hometown)
VALUES (5,'Herbert','Ford','male','A',2,'designer','Messachusetts');

INSERT INTO people (team, last_name, first_name, sex, blood_type, serve_years, role, hometown)
VALUES (2,'Dennis','Marshall','male','AB',1,'planner','Colorado');

INSERT INTO people (team, last_name, first_name, sex, blood_type, serve_years, role, hometown)
VALUES (1,'Isabella','Martin','female','A',3,'developer','Georgia');

INSERT INTO people (team, last_name, first_name, sex, blood_type, serve_years, role, hometown)
VALUES (4,'Alfred','Clarke','male','AB',4,'designer','Pennsylvania');

INSERT INTO people (team, last_name, first_name, sex, blood_type, serve_years, role, hometown)
VALUES (5,'Tyler','Philips','male','O',1,'designer','Virginia');

INSERT INTO people (team, last_name, first_name, sex, blood_type, serve_years, role, hometown)
VALUES (3,'Noelle','Holmes','female','AB',5,'planner','California');

INSERT INTO people (team, last_name, first_name, sex, blood_type, serve_years, role, hometown)
VALUES (1,'Kate','Owen','female','B',2,'developer','Maine');

INSERT INTO people (team, last_name, first_name, sex, blood_type, serve_years, role, hometown)
VALUES (4,'Priscilla','Walker','female','O',2,'developer','California');

INSERT INTO people (team, last_name, first_name, sex, blood_type, serve_years, role, hometown)
VALUES (3,'Shirley','Grant','female','AB',1,'developer','Messachusetts');

INSERT INTO people (team, last_name, first_name, sex, blood_type, serve_years, role, hometown)
VALUES (1,'Byron','Barnes','male','A',3,'designer','Idaho');

INSERT INTO people (team, last_name, first_name, sex, blood_type, serve_years, role, hometown)
VALUES (3,'Toby','Lewis','male','A',1,'planner','New York');

INSERT INTO people (team, last_name, first_name, sex, blood_type, serve_years, role, hometown)
VALUES (4,'Barbara','White','female','AB',4,'developer','Ohio');

INSERT INTO people (team, last_name, first_name, sex, blood_type, serve_years, role, hometown)
VALUES (4,'Arnold','Armstrong','male','AB',5,'designer','Nevada');

INSERT INTO people (team, last_name, first_name, sex, blood_type, serve_years, role, hometown)
VALUES (2,'Eleanor','Smith','female','B',2,'planner','Texas');

INSERT INTO people (team, last_name, first_name, sex, blood_type, serve_years, role, hometown)
VALUES (5,'Nina','Dawson','female','O',1,'developer','Virginia');

INSERT INTO people (team, last_name, first_name, sex, blood_type, serve_years, role, hometown)
VALUES (3,'Jamie','Reynolds','male','AB',1,'designer','Arizona');

INSERT INTO people (team, last_name, first_name, sex, blood_type, serve_years, role, hometown)
VALUES (4,'Myrtle','Hamilton','female','O',1,'developer','Maine');

INSERT INTO people (team, last_name, first_name, sex, blood_type, serve_years, role, hometown)
VALUES (2,'Zelda','Hall','female','A',3,'developer','Tennessee');

INSERT INTO people (team, last_name, first_name, sex, blood_type, serve_years, role, hometown)
VALUES (4,'Edgar','Willson','male','AB',2,'designer','Texas');

INSERT INTO people (team, last_name, first_name, sex, blood_type, serve_years, role, hometown)
VALUES (4,'Naomi','Taylor','female','O',5,'developer','Oklahoma');

INSERT INTO people (team, last_name, first_name, sex, blood_type, serve_years, role, hometown)
VALUES (1,'Brian','Hunt','male','B',2,'planner','Indiana');

INSERT INTO people (team, last_name, first_name, sex, blood_type, serve_years, role, hometown)
VALUES (5,'Katherine','Bennett','female','A',3,'designer','Utah');

INSERT INTO people (team, last_name, first_name, sex, blood_type, serve_years, role, hometown)
VALUES (1,'Violet','Pearson','female','AB',5,'designer','Pennsylvania');

INSERT INTO people (team, last_name, first_name, sex, blood_type, serve_years, role, hometown)
VALUES (5,'Margaret','Davies','female','AB',2,'developer','California');

INSERT INTO people (team, last_name, first_name, sex, blood_type, serve_years, role, hometown)
VALUES (3,'Raymond','Cook','male','O',1,'planner','Kansas');

INSERT INTO people (team, last_name, first_name, sex, blood_type, serve_years, role, hometown)
VALUES (5,'Garth','Roberts','male','A',4,'designer','Minnesota');

INSERT INTO people (team, last_name, first_name, sex, blood_type, serve_years, role, hometown)
VALUES (2,'Victoria','Brown','female','B',4,'planner','Georgia');

INSERT INTO people (team, last_name, first_name, sex, blood_type, serve_years, role, hometown)
VALUES (3,'Russel','Jones','male','O',2,'designer','Nebraska');

INSERT INTO people (team, last_name, first_name, sex, blood_type, serve_years, role, hometown)
VALUES (1,'Sally','Fox','female','AB',5,'planner','Messachusetts');

INSERT INTO people (team, last_name, first_name, sex, blood_type, serve_years, role, hometown)
VALUES (4,'Chloe','Bailey','female','A',5,'developer','New York');

INSERT INTO people (team, last_name, first_name, sex, blood_type, serve_years, role, hometown)
VALUES (5,'Will','McDonald','male','AB',1,'developer','Wyoming');

INSERT INTO people (team, last_name, first_name, sex, blood_type, serve_years, role, hometown)
VALUES (3,'Grant','Cole','male','AB',4,'designer','Pennsylvania');

INSERT INTO people (team, last_name, first_name, sex, blood_type, serve_years, role, hometown)
VALUES (5,'Audrey','Fisher','female','O',2,'designer','Ohio');

INSERT INTO people (team, last_name, first_name, sex, blood_type, serve_years, role, hometown)
VALUES (3,'Amber','Russel','female','AB',5,'developer','Kansas');

INSERT INTO people (team, last_name, first_name, sex, blood_type, serve_years, role, hometown)
VALUES (4,'Peter','Payne','male','O',3,'planner','California');

INSERT INTO people (team, last_name, first_name, sex, blood_type, serve_years, role, hometown)
VALUES (1,'Russ','Lawrence','male','O',5,'designer','New York');

INSERT INTO people (team, last_name, first_name, sex, blood_type, serve_years, role, hometown)
VALUES (5,'Margot','Watson','female','AB',2,'planner','Virginia');

INSERT INTO people (team, last_name, first_name, sex, blood_type, serve_years, role, hometown)
VALUES (2,'Nancy','Brooks','female','A',1,'developer','California');

INSERT INTO people (team, last_name, first_name, sex, blood_type, serve_years, role, hometown)
VALUES (2,'Oliver','Simpson','male','O',3,'designer','Arizona');

INSERT INTO people (team, last_name, first_name, sex, blood_type, serve_years, role, hometown)
VALUES (3,'Pansy','Moore','female','B',2,'planner','Minnesota');

INSERT INTO people (team, last_name, first_name, sex, blood_type, serve_years, role, hometown)
VALUES (1,'Leroy','Elliott','male','AB',2,'developer','Indiana');

INSERT INTO people (team, last_name, first_name, sex, blood_type, serve_years, role, hometown)
VALUES (5,'Barbara','Murphy','female','O',1,'developer','Texas');

INSERT INTO people (team, last_name, first_name, sex, blood_type, serve_years, role, hometown)
VALUES (2,'Simon','Henderson','male','A',4,'designer','Pennsylvania');

INSERT INTO people (team, last_name, first_name, sex, blood_type, serve_years, role, hometown)
VALUES (1,'Ned','Butler','male','O',2,'planner','Messachusetts');


INSERT INTO role (id, job, requirement)
VALUES ('developer', 'programming', 'computer science degree');

INSERT INTO role (id, job, requirement)
VALUES ('designer', 'web design', 'graphic design certificate');

INSERT INTO role (id, job, requirement)
VALUES ('planner', 'service planning', 'portfolio');


INSERT INTO software (software_id, used_by, developed_by, description)
VALUES ('Eclipse', 'developer', 'Eclipse Foundation', 'integrated development environment');

INSERT INTO software (software_id, used_by, developed_by, description)
VALUES ('Excel', 'planner', 'Microsoft', 'spreadsheet');

INSERT INTO software (software_id, used_by, developed_by, description)
VALUES ('Illustrator', 'designer', 'Adobe', 'vector graphics editor');

INSERT INTO software (software_id, used_by, developed_by, description)
VALUES ('Photoshop', 'designer', 'Adobe', 'raster graphics editor');

INSERT INTO software (software_id, used_by, developed_by, description)
VALUES ('PowerPoint', 'planner', 'Microsoft', 'presentation program');

INSERT INTO software (software_id, used_by, developed_by, description)
VALUES ('Sketch', 'designer', 'Sketch B.V.', 'vector graphics editor');

INSERT INTO software (software_id, used_by, developed_by, description)
VALUES ('VS Code', 'developer', 'Microsoft', 'source code editor');

INSERT INTO software (software_id, used_by, developed_by, description)
VALUES ('Word', 'planner', 'Microsoft', 'word processor');

INSERT INTO software (software_id, used_by, developed_by, description)
VALUES ('Xcode', 'developer', 'Apple', 'integrated development environment');


INSERT INTO supply (supply_id, team) VALUES ('ergonomic mouse', 1);
INSERT INTO supply (supply_id, team) VALUES ('mug', 1);
INSERT INTO supply (supply_id, team) VALUES ('webcam', 2);
INSERT INTO supply (supply_id, team) VALUES ('hoodie', 2);
INSERT INTO supply (supply_id, team) VALUES ('chair', 3);
INSERT INTO supply (supply_id, team) VALUES ('usb hub', 3);
INSERT INTO supply (supply_id, team) VALUES ('headphone', 4);
INSERT INTO supply (supply_id, team) VALUES ('stempler', 4);
INSERT INTO supply (supply_id, team) VALUES ('calculator', 5);
INSERT INTO supply (supply_id, team) VALUES ('t shirt', 5);